<?xml version="1.0" encoding="UTF-8"?>
<project-private xmlns="http://www.netbeans.org/ns/project-private/1">
    <editor-bookmarks xmlns="http://www.netbeans.org/ns/editor-bookmarks/2" lastBookmarkId="0"/>
    <open-files xmlns="http://www.netbeans.org/ns/projectui-open-files/2">
        <group>
            <file>file:/C:/Users/ZACKY/Downloads/F2DIZ_HotelManagement-main%20(1)/F2DIZ_HotelManagement-main/src/receptionist/Informasi_Kamar.java</file>
            <file>file:/C:/Users/ZACKY/Downloads/F2DIZ_HotelManagement-main%20(1)/F2DIZ_HotelManagement-main/src/housekeeper/Dashboard_Housekeeper.java</file>
            <file>file:/C:/Users/ZACKY/Downloads/F2DIZ_HotelManagement-main%20(1)/F2DIZ_HotelManagement-main/src/login/login_page.java</file>
            <file>file:/C:/Users/ZACKY/Downloads/F2DIZ_HotelManagement-main%20(1)/F2DIZ_HotelManagement-main/src/receptionist/Reservasi.java</file>
            <file>file:/C:/Users/ZACKY/Downloads/F2DIZ_HotelManagement-main%20(1)/F2DIZ_HotelManagement-main/src/receptionist/Dashboard_Receptionist.java</file>
            <file>file:/C:/Users/ZACKY/Downloads/F2DIZ_HotelManagement-main%20(1)/F2DIZ_HotelManagement-main/src/housekeeper/Informasi_Reservasi.java</file>
        </group>
    </open-files>
</project-private>
